name,risk_pct,blocked_sessions,session_rr,rr_default,one_at_a_time,h1_filter,cooldown,time_exit_min,atr_sl_mult,blocked_days,return_pct,net_profit,total_trades,win_rate,profit_factor,max_drawdown,max_drawdown_pct,avg_win,avg_loss,avg_r_multiple,max_consecutive_losses,best_trade,worst_trade
A1_R5_BUS+ASIA_1atFalse,5,"['US', 'ASIA']","{'EUROPE': 2.5, 'ASIA': 2.0}",2.0,False,True,2,210,1.5,[],750.54,75054.41,544,34.38,1.33,22722.85,25.15,1607.0,631.52,0.1676,26,10453.33,-4514.53
A3_H1True_CD2_TE360_SL2.0,2,['US'],"{'EUROPE': 2.5, 'ASIA': 2.0}",2.0,False,True,2,360,2.0,[],545.66,54566.39,1112,36.15,1.18,18984.03,25.09,906.89,436.62,0.1221,17,3287.65,-1512.94
A3_H1True_CD0_TE360_SL2.0,2,['US'],"{'EUROPE': 2.5, 'ASIA': 2.0}",2.0,False,True,0,360,2.0,[],518.78,51878.35,1187,35.97,1.16,21240.26,28.11,878.58,425.36,0.1159,19,3285.84,-1507.17
A3_H1True_CD4_TE360_SL2.0,2,['US'],"{'EUROPE': 2.5, 'ASIA': 2.0}",2.0,False,True,4,360,2.0,[],481.55,48154.73,1060,36.23,1.16,19242.76,24.86,904.14,442.36,0.1201,16,3366.24,-1547.07
A3_H1False_CD2_TE0_SL1.5,2,['US'],"{'EUROPE': 2.5, 'ASIA': 2.0}",2.0,False,False,2,0,1.5,[],475.19,47519.2,1695,33.63,1.1,29657.72,39.15,953.89,441.06,0.0877,29,3520.27,-1504.46
A3_H1False_CD2_TE360_SL1.5,2,['US'],"{'EUROPE': 2.5, 'ASIA': 2.0}",2.0,False,False,2,360,1.5,[],474.43,47443.25,1694,34.18,1.1,31220.07,41.27,935.73,443.36,0.0879,29,3520.27,-1504.46
A3_H1True_CD0_TE210_SL2.0,2,['US'],"{'EUROPE': 2.5, 'ASIA': 2.0}",2.0,False,True,0,210,2.0,[],363.94,36394.34,1187,37.41,1.14,19144.91,35.29,679.37,356.99,0.1024,17,2439.26,-1084.41
A3_H1True_CD2_TE0_SL2.0,2,['US'],"{'EUROPE': 2.5, 'ASIA': 2.0}",2.0,False,True,2,0,2.0,[],363.53,36353.29,1110,34.05,1.15,14249.66,26.12,727.88,326.21,0.1091,17,2370.78,-1090.64
A2_EU3.0_AS3.0,2,['US'],"{'EUROPE': 3.0, 'ASIA': 3.0}",2.0,False,True,2,210,1.5,[],344.28,34428.33,1113,31.27,1.14,18240.31,32.45,825.39,330.47,0.1141,27,3111.81,-1123.2
A3_H1True_CD0_TE0_SL2.0,2,['US'],"{'EUROPE': 2.5, 'ASIA': 2.0}",2.0,False,True,0,0,2.0,[],343.48,34348.25,1187,33.95,1.14,15878.02,29.16,705.73,318.95,0.1039,18,2367.51,-1088.56
A3_H1True_CD4_TE0_SL2.0,2,['US'],"{'EUROPE': 2.5, 'ASIA': 2.0}",2.0,False,True,4,0,2.0,[],329.52,32952.08,1057,34.06,1.14,15064.78,25.97,746.01,338.03,0.1081,17,2523.59,-1160.16
A2_EU3.0_AS1.5,2,['US'],"{'EUROPE': 3.0, 'ASIA': 1.5}",2.0,False,True,2,210,1.5,[],316.21,31621.18,1125,36.62,1.14,15939.87,31.68,614.06,310.48,0.1004,23,2757.1,-1003.47
A2_EU3.0_AS2.5,2,['US'],"{'EUROPE': 3.0, 'ASIA': 2.5}",2.0,False,True,2,210,1.5,[],304.13,30412.92,1115,32.29,1.14,16874.52,32.92,689.7,288.58,0.1066,27,2821.59,-1024.8
A3_H1True_CD2_TE0_SL1.5,2,['US'],"{'EUROPE': 2.5, 'ASIA': 2.0}",2.0,False,True,2,0,1.5,[],300.72,30072.27,1116,33.87,1.15,14943.52,29.93,596.23,264.64,0.0988,34,2270.71,-998.4
A2_EU3.0_AS2.0,2,['US'],"{'EUROPE': 3.0, 'ASIA': 2.0}",2.0,False,True,2,210,1.5,[],292.72,29271.7,1116,33.87,1.15,13465.29,28.76,583.19,259.05,0.1014,26,2579.74,-936.0
A3_H1False_CD2_TE360_SL2.0,2,['US'],"{'EUROPE': 2.5, 'ASIA': 2.0}",2.0,False,False,2,360,2.0,[],291.29,29128.8,1682,34.78,1.09,17164.65,33.52,634.16,311.62,0.079,26,2226.7,-1023.99
A1_R2_BUS+ASIA_1atFalse,2,"['US', 'ASIA']","{'EUROPE': 2.5, 'ASIA': 2.0}",2.0,False,True,2,210,1.5,[],288.11,28810.71,544,34.38,1.31,9942.68,24.42,658.05,263.99,0.1673,26,1921.37,-814.29
A3_H1True_CD2_TE360_SL1.5,2,['US'],"{'EUROPE': 2.5, 'ASIA': 2.0}",2.0,False,True,2,360,1.5,[],287.08,28707.78,1116,34.41,1.14,14494.58,30.04,595.4,273.12,0.0971,34,2190.09,-964.8
A3_H1True_CD2_TE210_SL2.0,2,['US'],"{'EUROPE': 2.5, 'ASIA': 2.0}",2.0,False,True,2,210,2.0,[],279.18,27917.86,1113,37.2,1.12,16637.97,37.34,623.61,329.41,0.0965,17,2008.8,-891.02
A3_H1False_CD2_TE210_SL1.5,2,['US'],"{'EUROPE': 2.5, 'ASIA': 2.0}",2.0,False,False,2,210,1.5,[],258.47,25847.32,1699,34.9,1.06,27348.26,56.68,718.38,361.8,0.0739,21,2243.84,-960.83
A3_H1False_CD0_TE210_SL2.0,2,['US'],"{'EUROPE': 2.5, 'ASIA': 2.0}",2.0,False,False,0,210,2.0,[],255.38,25537.76,1931,36.77,1.06,24423.38,52.8,629.82,345.32,0.0703,19,2080.54,-924.6
A3_H1True_CD0_TE0_SL1.5,2,['US'],"{'EUROPE': 2.5, 'ASIA': 2.0}",2.0,False,True,0,0,1.5,[],255.16,25516.09,1187,33.61,1.13,11527.9,27.18,543.63,242.88,0.0905,37,2015.42,-820.8
A3_H1False_CD0_TE0_SL1.5,2,['US'],"{'EUROPE': 2.5, 'ASIA': 2.0}",2.0,False,False,0,0,1.5,[],252.96,25296.19,1931,33.04,1.05,27108.08,57.71,832.34,391.13,0.0694,37,2216.97,-938.79
A3_H1True_CD0_TE360_SL1.5,2,['US'],"{'EUROPE': 2.5, 'ASIA': 2.0}",2.0,False,True,0,360,1.5,[],243.44,24344.11,1187,34.12,1.12,11193.14,27.26,545.14,251.2,0.0888,37,1948.24,-794.4
A3_H1False_CD0_TE360_SL1.5,2,['US'],"{'EUROPE': 2.5, 'ASIA': 2.0}",2.0,False,False,0,360,1.5,[],238.54,23854.29,1931,33.51,1.05,28782.04,63.84,808.38,388.76,0.0688,37,2122.91,-901.29
A3_H1True_CD4_TE210_SL2.0,2,['US'],"{'EUROPE': 2.5, 'ASIA': 2.0}",2.0,False,True,4,210,2.0,[],232.11,23210.84,1058,37.15,1.11,14440.15,32.2,615.18,328.66,0.0924,16,2026.74,-896.59
A3_H1True_CD0_TE120_SL2.0,2,['US'],"{'EUROPE': 2.5, 'ASIA': 2.0}",2.0,False,True,0,120,2.0,[],229.93,22993.38,1187,41.28,1.1,18399.47,40.65,537.08,344.58,0.0814,25,2105.71,-903.54
A3_H1False_CD0_TE360_SL2.0,2,['US'],"{'EUROPE': 2.5, 'ASIA': 2.0}",2.0,False,False,0,360,2.0,[],228.25,22824.52,1931,34.44,1.06,19827.44,44.16,606.69,300.65,0.0701,24,1951.63,-897.62
A3_H1True_CD4_TE120_SL2.0,2,['US'],"{'EUROPE': 2.5, 'ASIA': 2.0}",2.0,False,True,4,120,2.0,[],223.01,22300.9,1085,41.38,1.1,17078.49,34.59,554.45,356.36,0.0845,32,2297.14,-986.21
A4_BD4,2,['US'],"{'EUROPE': 2.5, 'ASIA': 2.0}",2.0,False,True,2,210,1.5,[4],222.76,22276.17,868,35.71,1.15,14276.46,33.71,546.77,263.84,0.1035,30,1938.21,-846.64
A3_H1False_CD2_TE210_SL2.0,2,['US'],"{'EUROPE': 2.5, 'ASIA': 2.0}",2.0,False,False,2,210,2.0,[],217.3,21730.36,1683,37.02,1.06,20643.66,49.89,579.91,320.34,0.0705,18,1865.31,-827.06
A2_EU2.5_AS3.0,2,['US'],"{'EUROPE': 2.5, 'ASIA': 3.0}",2.0,False,True,2,210,1.5,[],213.2,21320.02,1113,32.35,1.1,16445.69,39.31,651.86,283.33,0.0941,27,2240.91,-836.4
A3_H1False_CD0_TE210_SL1.5,2,['US'],"{'EUROPE': 2.5, 'ASIA': 2.0}",2.0,False,False,0,210,1.5,[],190.17,19016.52,1931,34.44,1.04,27690.52,71.51,723.4,364.97,0.0644,27,1827.32,-771.51
A2_EU2.5_AS1.5,2,['US'],"{'EUROPE': 2.5, 'ASIA': 1.5}",2.0,False,True,2,210,1.5,[],188.16,18815.8,1125,37.69,1.1,15813.9,43.13,482.56,265.04,0.0793,23,1679.79,-730.8
A3_H1False_CD2_TE0_SL2.0,2,['US'],"{'EUROPE': 2.5, 'ASIA': 2.0}",2.0,False,False,2,0,2.0,[],184.27,18427.3,1683,33.04,1.07,14273.36,38.17,529.85,245.05,0.0707,26,1624.18,-747.5
A2_EU2.5_AS2.5,2,['US'],"{'EUROPE': 2.5, 'ASIA': 2.5}",2.0,False,True,2,210,1.5,[],178.64,17863.76,1115,33.36,1.1,13047.87,35.0,532.42,242.52,0.0853,27,1693.88,-745.2
A3_H1True_CD2_TE120_SL2.0,2,['US'],"{'EUROPE': 2.5, 'ASIA': 2.0}",2.0,False,True,2,120,2.0,[],176.18,17617.93,1131,41.11,1.08,16792.38,41.08,517.07,334.57,0.0755,24,1904.71,-817.03
A1_R2_BUS_1atFalse,2,['US'],"{'EUROPE': 2.5, 'ASIA': 2.0}",2.0,False,True,2,210,1.5,[],171.72,17171.96,1116,34.95,1.11,10513.54,30.79,453.34,219.88,0.0802,26,1545.16,-682.8
A2_EU2.5_AS2.0,2,['US'],"{'EUROPE': 2.5, 'ASIA': 2.0}",2.0,False,True,2,210,1.5,[],171.72,17171.96,1116,34.95,1.11,10513.54,30.79,453.34,219.88,0.0802,26,1545.16,-682.8
A3_H1True_CD2_TE210_SL1.5,2,['US'],"{'EUROPE': 2.5, 'ASIA': 2.0}",2.0,False,True,2,210,1.5,[],171.72,17171.96,1116,34.95,1.11,10513.54,30.79,453.34,219.88,0.0802,26,1545.16,-682.8
A4_BDnone,2,['US'],"{'EUROPE': 2.5, 'ASIA': 2.0}",2.0,False,True,2,210,1.5,[],171.72,17171.96,1116,34.95,1.11,10513.54,30.79,453.34,219.88,0.0802,26,1545.16,-682.8
A3_H1True_CD4_TE0_SL1.5,2,['US'],"{'EUROPE': 2.5, 'ASIA': 2.0}",2.0,False,True,4,0,1.5,[],167.81,16781.24,1059,33.33,1.11,11321.71,30.74,487.05,219.75,0.0822,33,1666.08,-735.89
A2_EU2.0_AS3.0,2,['US'],"{'EUROPE': 2.0, 'ASIA': 3.0}",2.0,False,True,2,210,1.5,[],158.69,15868.87,1115,34.35,1.07,19440.45,60.27,629.02,307.44,0.0809,27,1727.46,-644.4
A3_H1False_CD0_TE120_SL2.0,2,['US'],"{'EUROPE': 2.5, 'ASIA': 2.0}",2.0,False,False,0,120,2.0,[],153.39,15339.18,1931,40.03,1.04,25640.37,63.96,538.67,346.33,0.0548,19,1866.43,-801.65
A3_H1True_CD4_TE360_SL1.5,2,['US'],"{'EUROPE': 2.5, 'ASIA': 2.0}",2.0,False,True,4,360,1.5,[],152.42,15242.17,1060,33.87,1.1,10723.87,30.84,477.88,222.99,0.0792,33,1572.03,-694.8
A3_H1True_CD0_TE210_SL1.5,2,['US'],"{'EUROPE': 2.5, 'ASIA': 2.0}",2.0,False,True,0,210,1.5,[],152.33,15233.4,1187,34.71,1.09,10114.96,33.28,427.05,207.37,0.0749,28,1437.67,-588.0
A3_H1False_CD4_TE360_SL2.0,2,['US'],"{'EUROPE': 2.5, 'ASIA': 2.0}",2.0,False,False,4,360,2.0,[],143.65,14364.93,1542,34.57,1.06,12489.85,33.89,476.79,237.62,0.0667,20,1602.35,-736.78
A3_H1True_CD2_TE120_SL1.5,2,['US'],"{'EUROPE': 2.5, 'ASIA': 2.0}",2.0,False,True,2,120,1.5,[],140.66,14066.33,1128,37.85,1.09,11368.71,35.19,397.18,221.87,0.0714,25,1428.54,-645.75
A3_H1True_CD0_TE120_SL1.5,2,['US'],"{'EUROPE': 2.5, 'ASIA': 2.0}",2.0,False,True,0,120,1.5,[],139.51,13950.95,1187,37.74,1.08,11884.34,39.93,398.37,222.62,0.0695,26,1362.95,-594.65
A2_EU2.0_AS1.5,2,['US'],"{'EUROPE': 2.0, 'ASIA': 1.5}",2.0,False,True,2,210,1.5,[],138.45,13844.83,1127,39.66,1.07,18601.15,64.92,470.22,288.74,0.0664,23,1068.17,-572.5
A2_EU2.0_AS2.5,2,['US'],"{'EUROPE': 2.0, 'ASIA': 2.5}",2.0,False,True,2,210,1.5,[],137.12,13712.33,1117,35.36,1.07,15219.01,51.47,520.28,265.65,0.0737,27,1343.17,-590.76
A1_R5_BUS+ASIA_1atTrue,5,"['US', 'ASIA']","{'EUROPE': 2.5, 'ASIA': 2.0}",2.0,True,True,2,210,1.5,[],134.14,13413.8,308,32.79,1.14,13790.49,54.0,1093.59,468.78,0.1134,17,2830.73,-1274.52
A2_EU2.0_AS2.0,2,['US'],"{'EUROPE': 2.0, 'ASIA': 2.0}",2.0,False,True,2,210,1.5,[],124.62,12461.83,1118,36.94,1.07,12357.38,46.98,435.08,237.2,0.0672,26,973.3,-525.6
A1_R1_BUS+ASIA_1atFalse,1,"['US', 'ASIA']","{'EUROPE': 2.5, 'ASIA': 2.0}",2.0,False,True,2,210,1.5,[],119.63,11963.47,544,34.38,1.29,4708.11,21.01,286.64,116.64,0.1664,26,538.39,-223.53
A3_H1False_CD0_TE0_SL2.0,2,['US'],"{'EUROPE': 2.5, 'ASIA': 2.0}",2.0,False,False,0,0,2.0,[],119.31,11931.18,1931,32.73,1.04,18173.14,60.42,500.97,234.55,0.0614,25,1305.46,-600.84
A4_BD134,2,['US'],"{'EUROPE': 2.5, 'ASIA': 2.0}",2.0,False,True,2,210,1.5,"[1, 3, 4]",98.37,9836.61,402,36.82,1.12,9598.02,34.71,632.5,329.82,0.1183,15,1221.93,-552.81
A1_R1_BUS_1atFalse,1,['US'],"{'EUROPE': 2.5, 'ASIA': 2.0}",2.0,False,True,2,210,1.5,[],98.29,9828.67,1116,34.95,1.12,5548.31,25.07,230.9,110.5,0.0793,26,524.01,-220.8
A3_H1False_CD2_TE120_SL1.5,2,['US'],"{'EUROPE': 2.5, 'ASIA': 2.0}",2.0,False,False,2,120,1.5,[],97.26,9725.66,1722,36.93,1.03,20058.12,68.94,462.62,261.97,0.0534,21,1292.14,-581.56
A3_H1False_CD4_TE0_SL2.0,2,['US'],"{'EUROPE': 2.5, 'ASIA': 2.0}",2.0,False,False,4,0,2.0,[],96.63,9663.01,1542,32.81,1.05,12820.06,43.12,426.26,198.87,0.0603,20,1292.36,-594.0
A3_H1False_CD2_TE120_SL2.0,2,['US'],"{'EUROPE': 2.5, 'ASIA': 2.0}",2.0,False,False,2,120,2.0,[],81.04,8103.52,1717,40.13,1.03,18434.72,64.37,419.73,273.44,0.0476,16,1330.43,-570.96
A3_H1False_CD4_TE210_SL2.0,2,['US'],"{'EUROPE': 2.5, 'ASIA': 2.0}",2.0,False,False,4,210,2.0,[],77.99,7798.79,1538,36.61,1.04,14005.01,52.41,409.35,228.37,0.0542,19,1201.69,-534.42
A3_H1False_CD0_TE120_SL1.5,2,['US'],"{'EUROPE': 2.5, 'ASIA': 2.0}",2.0,False,False,0,120,1.5,[],74.73,7472.73,1931,36.61,1.02,20493.13,82.19,481.96,272.28,0.0484,24,1131.98,-498.36
A4_BD04,2,['US'],"{'EUROPE': 2.5, 'ASIA': 2.0}",2.0,False,True,2,210,1.5,"[0, 4]",71.8,7180.34,657,34.7,1.09,5904.22,28.39,378.66,184.51,0.0769,22,980.84,-415.32
A1_R2_BUS+ASIA_1atTrue,2,"['US', 'ASIA']","{'EUROPE': 2.5, 'ASIA': 2.0}",2.0,True,True,2,210,1.5,[],69.93,6992.69,308,32.79,1.16,5850.77,33.36,499.32,209.85,0.1109,17,827.09,-349.31
A3_H1True_CD4_TE210_SL1.5,2,['US'],"{'EUROPE': 2.5, 'ASIA': 2.0}",2.0,False,True,4,210,1.5,[],67.03,6702.51,1057,34.34,1.06,7141.99,30.98,349.67,173.24,0.0587,33,1048.02,-460.8
A4_BD13,2,['US'],"{'EUROPE': 2.5, 'ASIA': 2.0}",2.0,False,True,2,210,1.5,"[1, 3]",58.82,5881.75,650,35.08,1.05,12415.08,57.5,519.27,266.61,0.0686,18,947.91,-431.09
A3_H1False_CD4_TE360_SL1.5,2,['US'],"{'EUROPE': 2.5, 'ASIA': 2.0}",2.0,False,False,4,360,1.5,[],54.31,5430.84,1534,33.05,1.03,11214.21,47.17,436.75,210.32,0.0508,28,1061.46,-475.09
A3_H1False_CD4_TE0_SL1.5,2,['US'],"{'EUROPE': 2.5, 'ASIA': 2.0}",2.0,False,False,4,0,1.5,[],53.49,5348.54,1534,32.53,1.02,10362.82,43.77,439.5,206.73,0.0508,28,1061.46,-473.0
A3_H1True_CD4_TE120_SL1.5,2,['US'],"{'EUROPE': 2.5, 'ASIA': 2.0}",2.0,False,True,4,120,1.5,[],52.68,5268.05,1078,37.2,1.04,7893.71,35.18,317.06,180.02,0.0517,33,976.01,-445.99
A2_EU1.5_AS1.5,2,['US'],"{'EUROPE': 1.5, 'ASIA': 1.5}",2.0,False,True,2,210,1.5,[],38.9,3889.66,1127,41.97,1.03,9113.28,52.23,314.55,221.55,0.0382,23,506.22,-347.54
A3_H1False_CD4_TE120_SL2.0,2,['US'],"{'EUROPE': 2.5, 'ASIA': 2.0}",2.0,False,False,4,120,2.0,[],38.07,3807.49,1582,39.57,1.02,12308.83,55.07,309.11,198.43,0.0409,25,1024.14,-440.8
A1_R1_BUS+ASIA_1atTrue,1,"['US', 'ASIA']","{'EUROPE': 2.5, 'ASIA': 2.0}",2.0,True,True,2,210,1.5,[],34.4,3439.89,308,32.79,1.16,2749.23,20.16,243.8,102.34,0.1084,17,326.18,-135.7
A2_EU1.5_AS3.0,2,['US'],"{'EUROPE': 1.5, 'ASIA': 3.0}",2.0,False,True,2,210,1.5,[],30.14,3013.85,1115,36.41,1.02,8850.54,48.25,384.07,215.68,0.0461,27,957.93,-366.24
A1_R2_BUS_1atTrue,2,['US'],"{'EUROPE': 2.5, 'ASIA': 2.0}",2.0,True,True,2,210,1.5,[],29.44,2944.14,643,33.75,1.04,6530.25,46.31,360.42,176.68,0.0416,16,662.7,-278.74
A2_EU1.5_AS2.0,2,['US'],"{'EUROPE': 1.5, 'ASIA': 2.0}",2.0,False,True,2,210,1.5,[],23.81,2381.01,1118,39.18,1.02,5569.33,37.53,276.22,174.41,0.0362,26,564.34,-296.03
A2_EU1.5_AS2.5,2,['US'],"{'EUROPE': 1.5, 'ASIA': 2.5}",2.0,False,True,2,210,1.5,[],22.59,2258.64,1117,37.51,1.02,6502.7,41.68,312.59,184.41,0.0399,27,716.38,-311.35
A1_R1_BUS_1atTrue,1,['US'],"{'EUROPE': 2.5, 'ASIA': 2.0}",2.0,True,True,2,210,1.5,[],21.67,2167.13,643,33.75,1.05,3415.71,26.97,197.33,95.43,0.0413,16,305.86,-125.43
A3_H1True_CD0_TE120_SL1.0,2,['US'],"{'EUROPE': 2.5, 'ASIA': 2.0}",2.0,False,True,0,120,1.0,[],16.18,1618.25,1187,33.28,1.01,10432.13,68.29,335.96,165.52,0.0387,22,686.28,-304.7
A3_H1False_CD0_TE0_SL1.0,2,['US'],"{'EUROPE': 2.5, 'ASIA': 2.0}",2.0,False,False,0,0,1.0,[],7.63,763.27,1931,32.16,1.0,31305.08,89.08,558.21,264.03,0.0333,21,1541.13,-702.4
A3_H1False_CD2_TE210_SL1.0,2,['US'],"{'EUROPE': 2.5, 'ASIA': 2.0}",2.0,False,False,2,210,1.0,[],6.37,637.24,1726,32.5,1.0,20561.34,87.29,449.94,216.12,0.0357,20,1030.52,-470.61
A3_H1False_CD4_TE210_SL1.5,2,['US'],"{'EUROPE': 2.5, 'ASIA': 2.0}",2.0,False,False,4,210,1.5,[],3.73,372.71,1535,33.81,1.0,9946.77,62.32,340.08,173.35,0.0368,28,712.12,-319.11
A3_H1False_CD2_TE0_SL1.0,2,['US'],"{'EUROPE': 2.5, 'ASIA': 2.0}",2.0,False,False,2,0,1.0,[],3.42,341.53,1724,32.13,1.0,21341.98,86.25,482.24,228.05,0.0336,17,1064.69,-494.44
A3_H1True_CD0_TE210_SL1.0,2,['US'],"{'EUROPE': 2.5, 'ASIA': 2.0}",2.0,False,True,0,210,1.0,[],1.18,118.29,1187,32.27,1.0,8666.48,65.02,309.53,147.31,0.0336,22,597.78,-265.85
A3_H1False_CD0_TE210_SL1.0,2,['US'],"{'EUROPE': 2.5, 'ASIA': 2.0}",2.0,False,False,0,210,1.0,[],-0.0,-0.2,1931,32.42,1.0,30179.2,90.06,514.4,246.76,0.0324,21,1309.12,-670.18
A3_H1True_CD0_TE0_SL1.0,2,['US'],"{'EUROPE': 2.5, 'ASIA': 2.0}",2.0,False,True,0,0,1.0,[],-1.5,-150.12,1187,32.01,1.0,9234.42,71.16,316.56,149.25,0.0324,22,582.25,-257.67
A3_H1True_CD2_TE120_SL1.0,2,['US'],"{'EUROPE': 2.5, 'ASIA': 2.0}",2.0,False,True,2,120,1.0,[],-2.31,-230.68,1135,33.04,1.0,9264.57,66.97,301.63,149.14,0.0312,22,621.07,-276.07
A3_H1True_CD2_TE210_SL1.0,2,['US'],"{'EUROPE': 2.5, 'ASIA': 2.0}",2.0,False,True,2,210,1.0,[],-6.19,-618.61,1130,32.12,0.99,7990.14,60.06,292.44,139.21,0.0302,22,597.78,-265.85
A3_H1True_CD0_TE360_SL1.0,2,['US'],"{'EUROPE': 2.5, 'ASIA': 2.0}",2.0,False,True,0,360,1.0,[],-8.25,-825.02,1187,32.01,0.99,9139.71,75.57,302.28,143.36,0.0295,22,566.31,-241.31
A3_H1True_CD2_TE0_SL1.0,2,['US'],"{'EUROPE': 2.5, 'ASIA': 2.0}",2.0,False,True,2,0,1.0,[],-9.04,-903.59,1130,31.86,0.99,8356.17,64.89,298.16,140.57,0.0287,22,577.6,-255.62
A1_R5_BUS_1atFalse,5,['US'],"{'EUROPE': 2.5, 'ASIA': 2.0}",2.0,False,True,2,210,1.5,[],-9.33,-933.06,1116,34.95,0.99,10725.32,61.9,402.4,217.45,0.0819,26,1694.14,-865.2
A3_H1False_CD2_TE360_SL1.0,2,['US'],"{'EUROPE': 2.5, 'ASIA': 2.0}",2.0,False,False,2,360,1.0,[],-10.96,-1095.59,1723,32.21,1.0,21341.02,88.39,435.34,207.8,0.0302,18,1045.59,-482.53
A3_H1False_CD0_TE360_SL1.0,2,['US'],"{'EUROPE': 2.5, 'ASIA': 2.0}",2.0,False,False,0,360,1.0,[],-11.15,-1114.86,1931,32.21,1.0,31251.38,91.19,499.89,238.39,0.0292,21,1352.16,-685.07
A3_H1False_CD2_TE120_SL1.0,2,['US'],"{'EUROPE': 2.5, 'ASIA': 2.0}",2.0,False,False,2,120,1.0,[],-13.95,-1394.78,1734,33.1,0.99,20151.96,88.77,390.39,194.38,0.0284,20,992.85,-453.6
A3_H1False_CD0_TE120_SL1.0,2,['US'],"{'EUROPE': 2.5, 'ASIA': 2.0}",2.0,False,False,0,120,1.0,[],-14.52,-1451.64,1931,33.14,1.0,29697.51,90.84,467.8,233.03,0.0275,21,1311.94,-653.8
A3_H1True_CD2_TE360_SL1.0,2,['US'],"{'EUROPE': 2.5, 'ASIA': 2.0}",2.0,False,True,2,360,1.0,[],-14.95,-1494.78,1130,31.86,0.99,8508.95,70.42,285.93,135.62,0.0258,22,541.88,-241.31
A3_H1True_CD4_TE120_SL1.0,2,['US'],"{'EUROPE': 2.5, 'ASIA': 2.0}",2.0,False,True,4,120,1.0,[],-22.5,-2249.87,1069,32.74,0.98,8867.94,78.93,267.96,133.57,0.0205,28,534.09,-224.28
A1_R5_BUS_1atTrue,5,['US'],"{'EUROPE': 2.5, 'ASIA': 2.0}",2.0,True,True,2,210,1.5,[],-26.36,-2635.59,643,33.75,0.97,10131.51,84.44,472.03,246.63,0.0431,16,1205.61,-597.56
A3_H1True_CD4_TE210_SL1.0,2,['US'],"{'EUROPE': 2.5, 'ASIA': 2.0}",2.0,False,True,4,210,1.0,[],-26.98,-2698.15,1061,31.76,0.97,8185.46,79.99,253.47,121.71,0.0184,28,472.11,-203.74
A3_H1True_CD4_TE0_SL1.0,2,['US'],"{'EUROPE': 2.5, 'ASIA': 2.0}",2.0,False,True,4,0,1.0,[],-28.51,-2850.8,1061,31.48,0.97,8528.25,80.5,260.54,123.62,0.0173,28,481.04,-211.47
A3_H1True_CD4_TE360_SL1.0,2,['US'],"{'EUROPE': 2.5, 'ASIA': 2.0}",2.0,False,True,4,360,1.0,[],-33.26,-3326.29,1061,31.48,0.96,8653.8,81.69,249.13,119.03,0.0141,28,481.04,-211.47
A3_H1False_CD4_TE120_SL1.5,2,['US'],"{'EUROPE': 2.5, 'ASIA': 2.0}",2.0,False,False,4,120,1.5,[],-35.08,-3507.95,1567,35.74,0.98,10414.05,82.51,251.7,143.46,0.019,28,573.7,-252.34
A1_R1_BASIA_1atTrue,1,['ASIA'],"{'EUROPE': 2.5, 'ASIA': 2.0}",2.0,True,True,2,210,1.5,[],-37.99,-3799.08,704,30.4,0.89,4405.32,44.05,138.43,68.21,-0.0579,13,241.81,-98.94
A1_R1_BASIA_1atFalse,1,['ASIA'],"{'EUROPE': 2.5, 'ASIA': 2.0}",2.0,False,True,2,210,1.5,[],-42.33,-4232.65,1180,31.1,0.92,5149.46,51.41,133.72,65.57,-0.0301,19,235.03,-99.93
A1_R1_Bnone_1atTrue,1,[],"{'EUROPE': 2.5, 'ASIA': 2.0}",2.0,True,True,2,210,1.5,[],-42.74,-4274.02,1038,31.79,0.91,4739.24,47.39,124.95,64.27,-0.044,18,237.6,-99.15
A1_R1_Bnone_1atFalse,1,[],"{'EUROPE': 2.5, 'ASIA': 2.0}",2.0,False,True,2,210,1.5,[],-49.34,-4933.82,1751,32.5,0.93,5838.54,58.39,117.51,60.74,-0.0231,25,223.59,-99.15
A3_H1False_CD4_TE210_SL1.0,2,['US'],"{'EUROPE': 2.5, 'ASIA': 2.0}",2.0,False,False,4,210,1.0,[],-49.61,-4960.91,1550,31.81,0.97,19335.5,92.34,313.81,151.06,0.0121,18,914.16,-418.49
A3_H1False_CD4_TE120_SL1.0,2,['US'],"{'EUROPE': 2.5, 'ASIA': 2.0}",2.0,False,False,4,120,1.0,[],-55.24,-5523.59,1559,32.46,0.96,18630.44,92.65,288.99,144.11,0.0072,18,877.33,-402.11
A3_H1False_CD4_TE0_SL1.0,2,['US'],"{'EUROPE': 2.5, 'ASIA': 2.0}",2.0,False,False,4,0,1.0,[],-55.51,-5550.68,1547,31.35,0.97,20250.55,91.95,330.55,156.18,0.0071,18,946.81,-440.08
A3_H1False_CD4_TE360_SL1.0,2,['US'],"{'EUROPE': 2.5, 'ASIA': 2.0}",2.0,False,False,4,360,1.0,[],-60.3,-6029.52,1546,31.44,0.96,19984.27,92.98,307.39,146.62,0.0039,18,946.81,-429.66
A1_R2_BASIA_1atTrue,2,['ASIA'],"{'EUROPE': 2.5, 'ASIA': 2.0}",2.0,True,True,2,210,1.5,[],-66.18,-6617.65,704,30.4,0.85,6958.86,69.59,180.93,92.52,-0.0571,13,468.9,-197.92
A1_R2_Bnone_1atTrue,2,[],"{'EUROPE': 2.5, 'ASIA': 2.0}",2.0,True,True,2,210,1.5,[],-73.72,-7372.48,1038,31.79,0.87,7496.61,74.97,147.62,79.22,-0.0451,18,452.08,-199.69
A1_R2_BASIA_1atFalse,2,['ASIA'],"{'EUROPE': 2.5, 'ASIA': 2.0}",2.0,False,True,2,210,1.5,[],-77.91,-7790.62,1180,31.1,0.88,8126.3,81.26,150.73,77.62,-0.0314,19,442.27,-199.86
A1_R2_Bnone_1atFalse,2,[],"{'EUROPE': 2.5, 'ASIA': 2.0}",2.0,False,True,2,210,1.5,[],-85.24,-8524.31,1751,32.5,0.88,8770.25,87.7,115.08,62.61,-0.0239,25,399.76,-199.69
A1_R5_BASIA_1atTrue,5,['ASIA'],"{'EUROPE': 2.5, 'ASIA': 2.0}",2.0,True,True,2,210,1.5,[],-97.19,-9718.66,704,30.4,0.69,9749.7,97.5,99.03,63.08,-0.0553,13,1070.26,-499.21
A1_R5_Bnone_1atTrue,5,[],"{'EUROPE': 2.5, 'ASIA': 2.0}",2.0,True,True,2,210,1.5,[],-99.62,-9961.94,1038,31.79,0.68,9969.7,99.7,62.8,43.34,-0.0615,18,967.23,-499.92
A1_R5_BASIA_1atFalse,5,['ASIA'],"{'EUROPE': 2.5, 'ASIA': 2.0}",2.0,False,True,2,210,1.5,[],-101.42,-10141.57,1180,31.1,0.7,10156.5,101.57,65.34,41.97,-0.1891,19,918.87,-499.21
A1_R5_Bnone_1atFalse,5,[],"{'EUROPE': 2.5, 'ASIA': 2.0}",2.0,False,True,2,210,1.5,[],-101.9,-10189.59,1751,32.5,0.68,10204.53,102.05,37.6,26.72,0.285,25,723.32,-499.92
